{
  "input-09.txt": {
    "SAT": 0.0009191036224365234,
    "Brute Force": 0.0001747608184814453,
    "Backtracking": 2.193450927734375e-05,
    "A*": 0.0008099079132080078
  },
  "input-08.txt": {
    "SAT": 0.00020503997802734375,
    "Brute Force": 7.200241088867188e-05,
    "Backtracking": 1.5735626220703125e-05,
    "A*": Infinity
  },
  "input-06.txt": {
    "SAT": 0.0007441043853759766,
    "Brute Force": 4.100790023803711,
    "Backtracking": 1.4066696166992188e-05,
    "A*": 0.8038299083709717
  },
  "input-07.txt": {
    "SAT": 7.581710815429688e-05,
    "Brute Force": 4.506111145019531e-05,
    "Backtracking": 1.4066696166992188e-05,
    "A*": 2.002716064453125e-05
  },
  "input-11.txt": {
    "SAT": 0.00027298927307128906,
    "Brute Force": 16.52217721939087,
    "Backtracking": 1.71661376953125e-05,
    "A*": 1.7434322834014893
  },
  "input-05.txt": {
    "SAT": 7.009506225585938e-05,
    "Brute Force": 0.00010275840759277344,
    "Backtracking": 1.9788742065429688e-05,
    "A*": 6.818771362304688e-05
  },
  "input-04.txt": {
    "SAT": 0.00011110305786132812,
    "Brute Force": 0.00041294097900390625,
    "Backtracking": 6.198883056640625e-06,
    "A*": 0.0003063678741455078
  },
  "input-10.txt": {
    "SAT": 0.00025773048400878906,
    "Brute Force": 52.6150689125061,
    "Backtracking": 1.9073486328125e-05,
    "A*": 0.15893220901489258
  },
  "input-01.txt": {
    "SAT": 2.5033950805664062e-05,
    "Brute Force": 1.2159347534179688e-05,
    "Backtracking": 3.814697265625e-06,
    "A*": 7.867813110351562e-06
  },
  "input-03.txt": {
    "SAT": 1.1920928955078125e-05,
    "Brute Force": 5.9604644775390625e-06,
    "Backtracking": 4.0531158447265625e-06,
    "A*": 1.0013580322265625e-05
  },
  "input-02.txt": {
    "SAT": 1.0013580322265625e-05,
    "Brute Force": 6.198883056640625e-06,
    "Backtracking": 4.0531158447265625e-06,
    "A*": 8.106231689453125e-06
  }
}