{
  "input-01.txt": {
    "SAT": 0.0007030963897705078,
    "Brute Force": 4.1961669921875e-05,
    "Backtracking": 1.0013580322265625e-05,
    "A*": 0.0002460479736328125
  },
  "input-02.txt": {
    "SAT": 3.504753112792969e-05,
    "Brute Force": 2.6941299438476562e-05,
    "Backtracking": 1.0013580322265625e-05,
    "A*": 2.193450927734375e-05
  },
  "input-03.txt": {
    "SAT": 6.699562072753906e-05,
    "Brute Force": 3.1948089599609375e-05,
    "Backtracking": 1.2159347534179688e-05,
    "A*": 2.8848648071289062e-05
  },
  "input-04.txt": {
    "SAT": 0.00017499923706054688,
    "Brute Force": 0.00090789794921875,
    "Backtracking": 1.5974044799804688e-05,
    "A*": 0.0006561279296875
  },
  "input-05.txt": {
    "SAT": 6.604194641113281e-05,
    "Brute Force": 0.000102996826171875,
    "Backtracking": 1.3113021850585938e-05,
    "A*": 0.0001010894775390625
  },
  "input-06.txt": {
    "SAT": 0.0006821155548095703,
    "Brute Force": 4.080291032791138,
    "Backtracking": 1.3113021850585938e-05,
    "A*": 0.8064110279083252
  },
  "input-07.txt": {
    "SAT": 3.886222839355469e-05,
    "Brute Force": 2.6226043701171875e-05,
    "Backtracking": 9.059906005859375e-06,
    "A*": 2.193450927734375e-05
  },
  "input-08.txt": {
    "SAT": 7.987022399902344e-05,
    "Brute Force": 2.6941299438476562e-05,
    "Backtracking": 6.198883056640625e-06,
    "A*": Infinity
  },
  "input-09.txt": {
    "SAT": 4.38690185546875e-05,
    "Brute Force": 4.506111145019531e-05,
    "Backtracking": 5.7220458984375e-06,
    "A*": 0.00028514862060546875
  },
  "input-10.txt": {
    "SAT": 0.0002529621124267578,
    "Brute Force": 52.87167429924011,
    "Backtracking": 2.09808349609375e-05,
    "A*": 0.1597750186920166
  },
  "input-11.txt": {
    "SAT": 0.0003428459167480469,
    "Brute Force": 16.469645977020264,
    "Backtracking": 2.7894973754882812e-05,
    "A*": 1.7758417129516602
  }
}